insert into SecondTable values (1, 'Some name');
insert into SecondTable values (2, 'Some name');
insert into SecondTable values (3, 'Some name');
insert into SecondTable values (4, 'Some name');


insert into Product (id, name, secondTable_id) values (1, 'Some product', 1);
insert into Product (id, name, secondTable_id) values (2, 'Some product', 2);
insert into Product (id, name, secondTable_id) values (3, 'Some product', 2);
insert into Product (id, name, secondTable_id) values (4, 'Some product', 2);
insert into Product (id, name, secondTable_id) values (5, 'Some product', 2);
insert into Product (id, name, secondTable_id) values (6, 'Some product', 2);
insert into Product (id, name, secondTable_id) values (7, 'Some product', 2);
insert into Product (id, name, secondTable_id) values (8, 'Some product', 3);
insert into Product (id, name, secondTable_id) values (9, 'Some product', 3);
insert into Product (id, name, secondTable_id) values (10, 'Some product', 3);
insert into Product (id, name, secondTable_id) values (11, 'Some product', 3);
insert into Product (id, name, secondTable_id) values (12, 'Some product', 3);
insert into Product (id, name, secondTable_id) values (13, 'Some product', 3);
insert into Product (id, name, secondTable_id) values (14, 'Some product', 4);
insert into Product (id, name, secondTable_id) values (15, 'Some product', 4);
insert into Product (id, name, secondTable_id) values (16, 'Some product', 4);
insert into Product (id, name, secondTable_id) values (17, 'Some product', 4);
insert into Product (id, name, secondTable_id) values (18, 'Some product', 4);
insert into Product (id, name, secondTable_id) values (19, 'Some product', 4);
insert into Product (id, name, secondTable_id) values (20, 'Some product', 4);


insert into ThirdTable values (1, 1, 'Some third table registry');
insert into ThirdTable values (2, 2, 'Some third table registry');
insert into ThirdTable values (3, 3, 'Some third table registry');
insert into ThirdTable values (4, 4, 'Some third table registry');
insert into ThirdTable values (5, 5, 'Some third table registry');
insert into ThirdTable values (6, 6, 'Some third table registry');
insert into ThirdTable values (7, 7, 'Some third table registry');
insert into ThirdTable values (8, 8, 'Some third table registry');
insert into ThirdTable values (9, 9, 'Some third table registry');
insert into ThirdTable values (10, 10, 'Some third table registry');
insert into ThirdTable values (11, 11, 'Some third table registry');
insert into ThirdTable values (12, 12, 'Some third table registry');
insert into ThirdTable values (13, 13, 'Some third table registry');
insert into ThirdTable values (14, 14, 'Some third table registry');
insert into ThirdTable values (15, 15, 'Some third table registry');
insert into ThirdTable values (16, 16, 'Some third table registry');
insert into ThirdTable values (17, 17, 'Some third table registry');
insert into ThirdTable values (18, 18, 'Some third table registry');
insert into ThirdTable values (19, 19, 'Some third table registry');
insert into ThirdTable values (20, 20, 'Some third table registry');